n-gram,count
"('human', 'like')",25
"('sounds', 'human')",24
"('ai', 'generated')",21
"('sounds', 'like')",17
"('word', 'delve')",10
"('written', 'human')",9
"('feels', 'like')",8
"('sound', 'human')",5
"('like', 'ai')",5
"('sentence', 'structure')",5
"('think', 'ai')",5
"('sounds', 'ai')",4
"('generated', 'written')",4
"('human', 'written')",4
"('reads', 'like')",4
"('human', 'sounds')",4
"('feel', 'like')",4
"('short', 'sentences')",4
"('feels', 'human')",4
"('like', 'written')",4
"('phrases', 'like')",4
"('words', 'like')",4
"('sound', 'ai')",4
"('likely', 'written')",3
"('ai', 'like')",3
"('llms', 'typically')",3
"('likely', 'ai')",3
"('use', 'adjectives')",3
"('ai', 'told')",3
"('generated', 'ai')",3
"('way', 'writing')",3
"('american', 'english')",3
"('learning', 'english')",3
"('‚òù', 'Ô∏è')",3
"('Ô∏è', 'ü§ì')",3
"('makes', 'sense')",3
"('human', 'reads')",3
"('feel', 'human')",3
"('llms', 'tend')",3
"('like', 'second')",3
"('human', 'heard')",3
"('machine', 'generated')",3
"('english', 'learner')",3
"('ai', 'usually')",3
"('let', 'dive')",3
"('gut', 'feeling')",3
"('feeling', 'gut')",3
"('llm', 'write')",2
"('sounds', 'bit')",2
"('sunny', 'day')",2
"('human', 'maybe')",2
"('typical', 'llm')",2
"('remain', 'unbiased')",2
"('work', 'sounds')",2
"('generated', 'llms')",2
"('believe', 'human')",2
"('difficult', 'read')",2
"('written', 'llm')",2
"('written', 'ai')",2
"('piece', 'ai')",2
"('role', 'play')",2
"('makes', 'think')",2
"('ai', 'sounds')",2
"('write', 'human')",2
"('leaning', 'ai')",2
"('poorly', 'written')",2
"('ai', 'ai')",2
"('second', 'sentence')",2
"('sentence', 'sentence')",2
"('natural', 'flow')",2
"('telling', 'story')",2
"('human', 'way')",2
"('correct', 'sounds')",2
"('sounds', 'clumsy')",2
"('flow', 'expect')",2
"('expect', 'human')",2
"('human', 'writer')",2
"('structure', 'sentences')",2
"('sentences', 'sounds')",2
"('like', 'generated')",2
"('thought', 'human')",2
"('human', 'likely')",2
"('option', 'sounds')",2
"('states', 'cold')",2
"('cold', 'facts')",2
"('english', 'speaker')",2
"('llm', 'trained')",2
"('said', 'chosen')",2
"('write', 'ai')",2
"('written', 'person')",2
"('clunky', 'sentences')",2
"('academic', 'english')",2
"('structure', 'paragraph')",2
"('written', 'academic')",2
"('need', 'know')",2
"('long', 'winded')",2
"('idiomatic', 'expressions')",2
"('wide', 'range')",2
"('range', 'benefits')",2
"('like', 'loud')",2
"('way', 'makes')",2
"('grammar', 'mistakes')",2
"('grammatical', 'error')",2
"('poor', 'english')",2
"('like', 'textbook')",2
"('sound', 'like')",2
"('like', 'child')",2
"('feels', 'personal')",2
"('big', 'words')",2
"('like', 'student')",2
"('bullet', 'point')",2
"('uses', 'words')",2
"('grammatical', 'issues')",2
"('middle', 'sentence')",2
"('like', 'narrative')",2
"('longer', 'sentences')",2
"('sentences', 'feels')",2
"('makes', 'sound')",2
"('subject', 'matter')",2
"('communication', 'conveyed')",2
"('conveyed', 'pragmatic')",2
"('pragmatic', 'analysis')",2
"('real', 'world')",2
"('second', 'sounds')",2
"('chosen', 'script')",2
"('human', 'use')",2
"('generated', 'tends')",2
"('tends', 'output')",2
"('tone', 'feels')",2
"('llm', 'generated')",2
"('b1', 'level')",2
"('elaborated', 'sounds')",2
"('harder', 'understand')",2
"('let', 'break')",2
"('synonymous', 'ai')",2
"('ai', 'opinion')",2
"('bullet', 'points')",2
"('flow', 'sentences')",2
"('makes', 'feel')",2
"('common', 'ai')",2
"('ai', 'use')",2
"('human', 'word')",2
"('use', 'word')",2
"('word', 'body')",2
"('like', 'human')",2
"('human', 'write')",2
"('text1', 'sounds')",2
"('like', 'uses')",2
"('use', 'pronouns')",2
"('explain', 'concept')",2
"('definitely', 'like')",2
"('delve', 'sound')",2
"('look', 'feel')",2
"('ai', 'word')",2
"('delve', 'makes')",2
"('generated', 'uses')",2
"('uses', 'word')",2
"('human', 'uses')",2
"('examples', 'think')",2
"('typical', 'ai')",2
"('written', 'plain')",1
"('plain', 'language')",1
"('language', 'good')",1
"('good', 'flow')",1
"('flow', 'suspect')",1
"('suspect', 'mondern')",1
"('mondern', 'llm')",1
"('write', 'fluently')",1
"('fluently', 'think')",1
"('think', 'likely')",1
"('human', 'wirh')",1
"('wirh', 'avergae')",1
"('avergae', 'writing')",1
"('writing', 'skills')",1
"('skills', 'believe')",1
"('believe', 'second')",1
"('second', 'ai')",1
"('like', 'overall')",1
"('overall', 'higher')",1
"('higher', 'level')",1
"('level', 'start')",1
"('start', 'sounds')",1
"('bit', 'like')",1
"('like', 'wikipedia')",1
"('wikipedia', 'article')",1
"('article', 'makes')",1
"('makes', 'suspicious')",1
"('suspicious', 'ai')",1
"('ai', 'tho')",1
"('tho', 'structure')",1
"('structure', 'flow')",1
"('flow', 'human')",1
"('like', 'error')",1
"('error', 'tense')",1
"('tense', 'sunny')",1
"('day', 'sound')",1
"('like', 'huma')",1
"('huma', 'like')",1
"('like', 'extremely')",1
"('extremely', 'chaotic')",1
"('chaotic', 'unnatural')",1
"('unnatural', 'starting')",1
"('starting', 'quote')",1
"('quote', 'human')",1
"('like', 'odd')",1
"('odd', 'errors')",1
"('errors', 'human')",1
"('maybe', 'usage')",1
"('usage', 'personal')",1
"('personal', 'language')",1
"('language', 'atypical')",1
"('atypical', 'llm')",1
"('llm', 'suggestion')",1
"('suggestion', 'helping')",1
"('helping', 'friend')",1
"('friend', 'immediately')",1
"('immediately', 'suggest')",1
"('suggest', 'written')",1
"('human', 'llms')",1
"('typically', 'claim')",1
"('claim', 'friends')",1
"('friends', 'occasion')",1
"('occasion', 'refers')",1
"('refers', 'beliefs')",1
"('beliefs', 'concept')",1
"('concept', 'generally')",1
"('generally', 'favouring')",1
"('favouring', 'author')",1
"('author', 'human')",1
"('human', 'overuses')",1
"('overuses', 'conjunctions')",1
"('conjunctions', 'suggesting')",1
"('suggesting', 'human')",1
"('human', 'limited')",1
"('limited', 'vocabulary')",1
"('vocabulary', 'wrote')",1
"('wrote', 'written')",1
"('written', 'hard')",1
"('hard', 'critique')",1
"('critique', 'vocabulary')",1
"('vocabulary', 'punctuation')",1
"('punctuation', 'grammar')",1
"('grammar', 'superior')",1
"('superior', 'structure')",1
"('structure', 'raises')",1
"('raises', 'eyebrows')",1
"('eyebrows', 'possibility')",1
"('possibility', 'llm')",1
"('llm', 'involvement')",1
"('involvement', 'llms')",1
"('llms', 'frequently')",1
"('frequently', 'short')",1
"('short', 'summaries')",1
"('summaries', 'topics')",1
"('topics', 'entering')",1
"('entering', 'body')",1
"('body', 'reads')",1
"('reads', 'matter')",1
"('matter', 'factly')",1
"('factly', 'whilst')",1
"('whilst', 'remaining')",1
"('remaining', 'non')",1
"('non', 'committed')",1
"('committed', 'arguments')",1
"('arguments', 'explores')",1
"('explores', 'decentralisation')",1
"('decentralisation', 'seen')",1
"('seen', 'usage')",1
"('usage', 'kind')",1
"('kind', 'language')",1
"('language', 'like')",1
"('like', 'large')",1
"('large', 'compression')",1
"('compression', 'summary')",1
"('summary', 'argument')",1
"('argument', 'typical')",1
"('llm', 'responses')",1
"('responses', 'tries')",1
"('tries', 'hardest')",1
"('hardest', 'remain')",1
"('unbiased', 'reporting')",1
"('reporting', 'facts')",1
"('facts', 'likely')",1
"('likely', 'human')",1
"('human', 'able')",1
"('able', 'piece')",1
"('piece', 'obviously')",1
"('obviously', 'personal')",1
"('personal', 'sentence')",1
"('sentence', 'glaring')",1
"('glaring', 'grammar')",1
"('grammar', 'issue')",1
"('issue', 'llms')",1
"('llms', 'accidentally')",1
"('accidentally', 'sunny')",1
"('day', 'description')",1
"('description', 'waiver')",1
"('waiver', 'unusual')",1
"('unusual', 'suggests')",1
"('suggests', 'word')",1
"('word', 'new')",1
"('new', 'author')",1
"('author', 'piece')",1
"('piece', 'likely')",1
"('written', 'child')",1
"('child', 'writing')",1
"('writing', 'imaginative')",1
"('imaginative', 'piece')",1
"('piece', 'work')",1
"('sounds', 'likely')",1
"('llms', 'love')",1
"('love', 'use')",1
"('use', 'comparative')",1
"('comparative', 'language')",1
"('language', 'tends')",1
"('tends', 'repeat')",1
"('repeat', 'like')",1
"('like', 'compare')",1
"('compare', 'similarities')",1
"('similarities', 'differences')",1
"('differences', 'second')",1
"('second', 'party')",1
"('party', 'quote')",1
"('quote', 'particularly')",1
"('particularly', 'necessary')",1
"('necessary', 'high')",1
"('high', 'reliance')",1
"('reliance', 'words')",1
"('words', 'llm')",1
"('llm', 'continually')",1
"('continually', 'bring')",1
"('bring', 'contrasting')",1
"('contrasting', 'points')",1
"('points', 'order')",1
"('order', 'remain')",1
"('unbiased', 'believe')",1
"('written', 'piece')",1
"('piece', 'difficult')",1
"('read', 'little')",1
"('little', 'care')",1
"('care', 'taken')",1
"('taken', 'parse')",1
"('parse', 'reader')",1
"('reader', 'llms')",1
"('typically', 'produce')",1
"('produce', 'readable')",1
"('readable', 'texts')",1
"('texts', 'point')",1
"('point', 'consideration')",1
"('consideration', 'llms')",1
"('typically', 'quote')",1
"('quote', 'facts')",1
"('facts', 'figures')",1
"('figures', 'extent')",1
"('extent', 'author')",1
"('author', 'inability')",1
"('inability', 'understand')",1
"('understand', 'consider')",1
"('consider', 'meaning')",1
"('meaning', 'data')",1
"('data', 'sounds')",1
"('sounds', 'considerably')",1
"('considerably', 'human')",1
"('human', 'refusal')",1
"('refusal', 'introduce')",1
"('introduce', 'arguments')",1
"('arguments', 'hint')",1
"('hint', 'agreement')",1
"('agreement', 'opinion')",1
"('opinion', 'clear')",1
"('clear', 'sign')",1
"('sign', 'written')",1
"('llm', 'fact')",1
"('fact', 'points')",1
"('points', 'brought')",1
"('brought', 'quotes')",1
"('quotes', 'suggests')",1
"('suggests', 'author')",1
"('author', 'unwilling')",1
"('unwilling', 'explore')",1
"('explore', 'argument')",1
"('argument', 'especially')",1
"('especially', 'quote')",1
"('quote', 'remains')",1
"('remains', 'debate')",1
"('debate', 'piece')",1
"('piece', 'clearly')",1
"('clearly', 'opinionated')",1
"('opinionated', 'human')",1
"('human', 'language')",1
"('language', 'highlighted')",1
"('highlighted', 'case')",1
"('case', 'type')",1
"('type', 'speech')",1
"('speech', 'committal')",1
"('committal', 'author')",1
"('author', 'standing')",1
"('standing', 'words')",1
"('words', 'presenting')",1
"('presenting', 'sides')",1
"('sides', 'argument')",1
"('argument', 'allowing')",1
"('allowing', 'reader')",1
"('reader', 'come')",1
"('come', 'conclusions')",1
"('conclusions', 'appears')",1
"('appears', 'competently')",1
"('competently', 'written')",1
"('written', 'littered')",1
"('littered', 'spelling')",1
"('spelling', 'grammar')",1
"('grammar', 'punctuation')",1
"('punctuation', 'errors')",1
"('errors', 'completely')",1
"('completely', 'unexpected')",1
"('unexpected', 'written')",1
"('ai', 'little')",1
"('little', 'content')",1
"('content', 'wise')",1
"('wise', 'suggest')",1
"('suggest', 'ai')",1
"('generated', 'usage')",1
"('usage', 'phrase')",1
"('phrase', 'considered')",1
"('considered', 'overused')",1
"('overused', 'necessarily')",1
"('necessarily', 'pointing')",1
"('pointing', 'absolute')",1
"('absolute', 'non')",1
"('non', 'humanity')",1
"('humanity', 'sounds')",1
"('like', 'tell')",1
"('tell', 'ai')",1
"('ai', 'style')",1
"('style', 'reads')",1
"('like', 'old')",1
"('old', 'school')",1
"('school', 'website')",1
"('website', 'blog')",1
"('blog', 'post')",1
"('post', 'piece')",1
"('ai', 'produce')",1
"('produce', 'purpose')",1
"('purpose', 'produxing')",1
"('produxing', 'piece')",1
"('piece', 'deceiving')",1
"('deceiving', 'reader')",1
"('reader', 'prompted')",1
"('prompted', 'role')",1
"('play', 'essay')",1
"('essay', 'style')",1
"('style', 'question')",1
"('question', 'way')",1
"('way', 'depends')",1
"('depends', 'people')",1
"('people', 'taught')",1
"('taught', 'schools')",1
"('schools', 'excessive')",1
"('excessive', 'use')",1
"('adjectives', 'makes')",1
"('think', 'slightly')",1
"('slightly', 'leans')",1
"('leans', 'ai')",1
"('ai', 'fed')",1
"('fed', 'prompt')",1
"('prompt', 'essay')",1
"('essay', 'like')",1
"('like', 'answer')",1
"('answer', 'decentralisation')",1
"('decentralisation', 'final')",1
"('final', 'argument')",1
"('argument', 'slightly')",1
"('slightly', 'ai')",1
"('ai', 'perfect')",1
"('perfect', 'eerily')",1
"('eerily', 'perfect')",1
"('perfect', 'sounds')",1
"('told', 'overexplain')",1
"('overexplain', 'waiver')",1
"('waiver', 'role')",1
"('play', 'bit')",1
"('bit', 'explanation')",1
"('explanation', 'think')",1
"('think', 'particularly')",1
"('particularly', 'natural')",1
"('natural', 'write')",1
"('human', 'slightly')",1
"('slightly', 'leaning')",1
"('ai', 'second')",1
"('second', 'option')",1
"('option', 'poorly')",1
"('ai', 'repeat')",1
"('repeat', 'word')",1
"('word', 'elderly')",1
"('elderly', 'times')",1
"('times', 'specifically')",1
"('specifically', 'instructed')",1
"('instructed', 'option')",1
"('option', 'poor')",1
"('poor', 'formatting')",1
"('formatting', 'definitely')",1
"('definitely', 'clear')",1
"('clear', 'output')",1
"('output', 'ai')",1
"('ai', 'nt')",1
"('nt', 'pure')",1
"('pure', 'ai')",1
"('told', 'use')",1
"('use', 'references')",1
"('references', 'provided')",1
"('provided', 'prompt')",1
"('prompt', 'referencing')",1
"('referencing', 'random')",1
"('random', 'use')",1
"('use', 'second')",1
"('second', 'problrms')",1
"('problrms', 'sounds')",1
"('bit', 'dry')",1
"('dry', 'jump')",1
"('jump', 'description')",1
"('description', 'person')",1
"('person', 'second')",1
"('sentence', 'smooth')",1
"('smooth', 'rhythm')",1
"('rhythm', 'flow')",1
"('flow', 'issue')",1
"('issue', 'sentence')",1
"('sentence', 'natural')",1
"('flow', 'sequence')",1
"('sequence', 'sentences')",1
"('sentences', 'logical')",1
"('logical', 'use')",1
"('use', 'adverbs')",1
"('adverbs', 'linking')",1
"('linking', 'words')",1
"('words', 'closer')",1
"('closer', 'natural')",1
"('natural', 'way')",1
"('writing', 'naturally')",1
"('naturally', 'reflects')",1
"('reflects', 'storytelling')",1
"('storytelling', 'person')",1
"('person', 'telling')",1
"('story', 'adventure')",1
"('adventure', 'chain')",1
"('chain', 'thoughts')",1
"('thoughts', 'details')",1
"('details', 'naturally')",1
"('naturally', 'follows')",1
"('follows', 'real')",1
"('real', 'conversation')",1
"('conversation', 'pattern')",1
"('pattern', 'sounds')",1
"('way', 'presents')",1
"('presents', 'data')",1
"('data', 'difficult')",1
"('difficult', 'grasp')",1
"('grasp', 'pulled')",1
"('pulled', 'sources')",1
"('sources', 'consolidated')",1
"('consolidated', 'poorly')",1
"('poorly', 'difficult')",1
"('read', 'comprehend')",1
"('comprehend', 'punctuation')",1
"('punctuation', 'correct')",1
"('human', 'dry')",1
"('dry', 'collection')",1
"('collection', 'statements')",1
"('statements', 'sound')",1
"('human', 'states')",1
"('states', 'facts')",1
"('facts', 'slightly')",1
"('slightly', 'colloquial')",1
"('colloquial', 'reporting')",1
"('reporting', 'results')",1
"('results', 'sounds')",1
"('clumsy', 'flow')",1
"('writer', 'fluent')",1
"('fluent', 'structure')",1
"('clumsy', 'chopped')",1
"('chopped', 'like')",1
"('generated', 'piece')",1
"('piece', 'piece')",1
"('piece', 'thought')",1
"('ai', 'systematic')",1
"('systematic', 'analyzation')",1
"('analyzation', 'open')",1
"('open', 'comparison')",1
"('comparison', 'leaves')",1
"('leaves', 'room')",1
"('room', 'thought')",1
"('thought', 'reader')",1
"('reader', 'option')",1
"('sounds', 'posh')",1
"('posh', 'human')",1
"('sounds', 'wonky')",1
"('wonky', 'feel')",1
"('like', 'certain')",1
"('certain', 'information')",1
"('information', 'obsolete')",1
"('obsolete', 'graduate')",1
"('graduate', 'normally')",1
"('normally', 'means')",1
"('means', 'having')",1
"('having', 'industrial')",1
"('industrial', 'experience')",1
"('experience', 'linkedin')",1
"('linkedin', 'profiles')",1
"('profiles', 'essence')",1
"('essence', 'professional')",1
"('professional', 'language')",1
"('language', 'sounds')",1
"('sounds', 'natural')",1
"('natural', 'logic')",1
"('logic', 'flows')",1
"('flows', 'talks')",1
"('talks', 'positive')",1
"('positive', 'aspects')",1
"('aspects', 'negative')",1
"('negative', 'consequences')",1
"('consequences', 'decentralisation')",1
"('decentralisation', 'subjective')",1
"('subjective', 'opinions')",1
"('opinions', 'information')",1
"('information', 'spelled')",1
"('spelled', 'separate')",1
"('separate', 'sentences')",1
"('sentences', 'flow')",1
"('flow', 'naturally')",1
"('naturally', 'states')",1
"('facts', 'human')",1
"('human', 'emotion')",1
"('emotion', 'expressing')",1
"('expressing', 'willingness')",1
"('willingness', 'saying')",1
"('saying', 'like')",1
"('like', 'opinion')",1
"('opinion', 'matter')",1
"('matter', 'elderly')",1
"('elderly', 'grown')",1
"('grown', 'references')",1
"('references', 'personal')",1
"('personal', 'opinion')",1
"('opinion', 'conveys')",1
"('conveys', 'feelings')",1
"('feelings', 'political')",1
"('political', 'power')",1
"('power', 'uses')",1
"('uses', 'referring')",1
"('referring', 'team')",1
"('team', 'performed')",1
"('performed', 'study')",1
"('study', 'states')",1
"('facts', 'personal')",1
"('personal', 'style')",1
"('style', 'placement')",1
"('placement', 'punctuation')",1
"('punctuation', 'structure')",1
"('sentences', 'hard')",1
"('hard', 'exactly')",1
"('exactly', 'use')",1
"('use', 'script')",1
"('script', 'chosen')",1
"('chosen', 'suggests')",1
"('suggests', 'human')",1
"('human', 'short')",1
"('short', 'imperfect')",1
"('imperfect', 'sentences')",1
"('sentences', 'strongly')",1
"('strongly', 'felt')",1
"('felt', 'good')",1
"('good', 'idea')",1
"('idea', 'typical')",1
"('write', 'slightly')",1
"('slightly', 'clumsy')",1
"('clumsy', 'wording')",1
"('wording', 'come')",1
"('come', 'simian')",1
"('simian', 'hands')",1
"('hands', 'short')",1
"('sentences', 'potential')",1
"('potential', 'minor')",1
"('minor', 'grammar')",1
"('grammar', 'issues')",1
"('issues', 'believe')",1
"('believe', 'read')",1
"('read', 'whilst')",1
"('whilst', 'poems')",1
"('poems', 'poems')",1
"('poems', 'reminiscent')",1
"('reminiscent', 'american')",1
"('speaker', 'esl')",1
"('esl', 'writer')",1
"('writer', 'totally')",1
"('totally', '100')",1
"('100', 'seen')",1
"('seen', 'occasionally')",1
"('occasionally', 'american')",1
"('english', 'llm')",1
"('trained', 'way')",1
"('writing', 'style')",1
"('style', 'human')",1
"('human', 'apparent')",1
"('apparent', 'oversimplification')",1
"('oversimplification', 'repetitive')",1
"('repetitive', 'sentence')",1
"('structure', 'personality')",1
"('personality', 'firm')",1
"('firm', 'believer')",1
"('believer', 'vs')",1
"('vs', 'opinion')",1
"('opinion', 'detached')",1
"('detached', 'clinical')",1
"('clinical', 'structure')",1
"('structure', 'tone')",1
"('tone', 'citation')",1
"('citation', 'specify')",1
"('specify', 'episode')",1
"('episode', 'season')",1
"('season', '10')",1
"('10', 'said')",1
"('chosen', 'instead')",1
"('instead', 'chose')",1
"('chose', 'sounds')",1
"('human', 'unnecessary')",1
"('unnecessary', 'recent')",1
"('recent', 'terrorist')",1
"('terrorist', 'attacks')",1
"('attacks', 'ai')",1
"('ai', 'added')",1
"('added', 'tried')",1
"('tried', 'talk')",1
"('talk', 'missing')",1
"('missing', 'comma')",1
"('comma', 'friend')",1
"('friend', 'recently')",1
"('recently', 'friend')",1
"('friend', 'jack')",1
"('jack', 'language')",1
"('language', 'simplistic')",1
"('simplistic', 'ai')",1
"('ai', 'tried')",1
"('tried', 'comprehensive')",1
"('comprehensive', 'words')",1
"('words', 'explicitly')",1
"('explicitly', 'told')",1
"('told', 'upset')",1
"('upset', 'instead')",1
"('instead', 'happy')",1
"('happy', 'sounds')",1
"('like', 'unnecessary')",1
"('unnecessary', 'epic')",1
"('epic', 'poems')",1
"('poems', 'sounds')",1
"('human', 'saying')",1
"('saying', 'enduring')",1
"('enduring', 'influential')",1
"('influential', 'saying')",1
"('saying', 'gods')",1
"('gods', 'play')",1
"('play', 'significant')",1
"('significant', 'role')",1
"('role', 'shaping')",1
"('shaping', 'course')",1
"('course', 'events')",1
"('events', 'experiences')",1
"('experiences', 'mortals')",1
"('mortals', 'sounds')",1
"('like', 'starts')",1
"('starts', 'sentence')",1
"('sentence', 'majority')",1
"('majority', 'humans')",1
"('humans', 'taught')",1
"('taught', 'young')",1
"('young', 'age')",1
"('age', 'improper')",1
"('improper', 'way')",1
"('way', 'write')",1
"('ai', 'likes')",1
"('likes', 'state')",1
"('state', 'facts')",1
"('facts', 'expand')",1
"('expand', 'detail')",1
"('detail', 'individual')",1
"('individual', 'sentence')",1
"('sentence', 'believe')",1
"('believe', 'texts')",1
"('texts', 'ai')",1
"('ai', 'advanced')",1
"('advanced', 'sounds')",1
"('like', 'giving')",1
"('giving', 'options')",1
"('options', 'complete')",1
"('complete', 'renewable')",1
"('renewable', 'energy')",1
"('energy', 'sources')",1
"('sources', 'staying')",1
"('staying', 'neutral')",1
"('neutral', 'opinion')",1
"('opinion', 'option')",1
"('option', 'opinionated')",1
"('opinionated', 'gives')",1
"('gives', 'reasons')",1
"('reasons', 'opinion')",1
"('opinion', 'humans')",1
"('humans', 'providing')",1
"('providing', 'previous')",1
"('previous', 'context')",1
"('context', 'sounds')",1
"('human', 'recognise')",1
"('recognise', 'accomplishments')",1
"('accomplishments', 'previous')",1
"('previous', 'scientists')",1
"('scientists', 'stating')",1
"('stating', 'factual')",1
"('factual', 'going')",1
"('going', 'overly')",1
"('overly', 'depth')",1
"('depth', 'unnecessary')",1
"('unnecessary', 'areas')",1
"('areas', '1st')",1
"('1st', 'contains')",1
"('contains', 'source')",1
"('source', 'ai')",1
"('ai', 'rarely')",1
"('rarely', 'shares')",1
"('shares', 'sources')",1
"('sources', 'paragraph')",1
"('paragraph', 'learning')",1
"('english', 'likely')",1
"('person', 'learning')",1
"('learning', 'language')",1
"('language', 'somewhat')",1
"('somewhat', 'clunky')",1
"('sentences', 'e.g.')",1
"('e.g.', 'important')",1
"('important', 'improve')",1
"('improve', 'study')",1
"('study', 'skills')",1
"('skills', 'learn')",1
"('learn', 'academic')",1
"('english', 'order')",1
"('order', 'achieve')",1
"('achieve', 'high')",1
"('high', 'grade')",1
"('grade', 'exams')",1
"('exams', 'track')",1
"('track', 'furthermore')",1
"('furthermore', 'writer')",1
"('writer', 'refers')",1
"('refers', 'themself')",1
"('themself', 'understand')",1
"('understand', 'llm')",1
"('trained', 'feels')",1
"('human', 'especially')",1
"('especially', 'talks')",1
"('talks', 'lived')",1
"('lived', 'experience')",1
"('experience', 'e.g.')",1
"('e.g.', 'try')",1
"('try', 'read')",1
"('read', 'newspapers')",1
"('newspapers', 'magasines')",1
"('magasines', 'structure')",1
"('paragraph', 'feels')",1
"('feels', 'logical')",1
"('logical', 'sentence')",1
"('sentence', 'work')",1
"('work', 'feel')",1
"('feel', 'superfluous')",1
"('superfluous', 'misplaced')",1
"('misplaced', 'ai')",1
"('ai', 'feels')",1
"('english', 'given')",1
"('given', 'llms')",1
"('llms', 'improve')",1
"('improve', 'everyday')",1
"('everyday', 'skeptical')",1
"('skeptical', 'feels')",1
"('like', 'writer')",1
"('writer', 'played')",1
"('played', 'themself')",1
"('themself', 'reading')",1
"('reading', 'game')",1
"('game', 'instruction')",1
"('instruction', 'manual')",1
"('manual', 'ask')",1
"('ask', 'people')",1
"('people', 'play')",1
"('play', 'board')",1
"('board', 'game')",1
"('game', 'need')",1
"('know', 'game')",1
"('game', 'works')",1
"('works', 'need')",1
"('need', 'set')",1
"('set', 'board')",1
"('board', 'long')",1
"('winded', 'clunky')",1
"('sentences', 'human')",1
"('human', 'talks')",1
"('talks', 'idiomatic')",1
"('expressions', 'english')",1
"('english', 'primary')",1
"('primary', 'language')",1
"('language', 'know')",1
"('know', 'feels')",1
"('like', 'aloud')",1
"('aloud', 'especially')",1
"('especially', 'esl')",1
"('esl', 'status')",1
"('status', 'helps')",1
"('helps', 'person')",1
"('person', 'specific')",1
"('specific', 'feels')",1
"('feels', 'need')",1
"('need', 'specify')",1
"('specify', 'e')",1
"('e', 'learning')",1
"('learning', 'electronic')",1
"('electronic', 'learning')",1
"('learning', 'writer')",1
"('writer', 'themself')",1
"('themself', 'heard')",1
"('heard', 'way')",1
"('way', 'lists')",1
"('lists', 'wide')",1
"('benefits', 'feels')",1
"('feels', 'ai')",1
"('llms', 'loooove')",1
"('loooove', 'list')",1
"('list', 'feels')",1
"('human', 'rougher')",1
"('rougher', 'colloquial')",1
"('colloquial', 'tone')",1
"('tone', 'phrases')",1
"('like', 'e')",1
"('e', 'particular')",1
"('particular', 'forgetting')",1
"('forgetting', 'etc')",1
"('etc', 'feel')",1
"('loud', 'conversation')",1
"('conversation', 'feels')",1
"('loud', 'statements')",1
"('statements', 'like')",1
"('like', 'check')",1
"('check', 'probably')",1
"('probably', 'dealing')",1
"('dealing', 'feel')",1
"('feel', 'colloquial')",1
"('colloquial', 'clunky')",1
"('clunky', 'formal')",1
"('formal', 'technical')",1
"('technical', 'future')",1
"('future', 'expected')",1
"('expected', 'remote')",1
"('remote', 'work')",1
"('work', 'common')",1
"('common', '‚òù')",1
"('ü§ì', 'use')",1
"('use', 'uncommon')",1
"('uncommon', 'words')",1
"('words', 'structure')",1
"('structure', 'kind')",1
"('kind', 'suspicious')",1
"('suspicious', 'length')",1
"('length', 'sentences')",1
"('sentences', 'mainly')",1
"('mainly', 'instinct')",1
"('instinct', 'definition')",1
"('definition', 'laid')",1
"('laid', 'way')",1
"('sense', 'i.e.')",1
"('i.e.', 'short')",1
"('short', 'description')",1
"('description', 'characteristics')",1
"('characteristics', 'examples')",1
"('examples', 'followed')",1
"('followed', 'causes')",1
"('causes', 'mix')",1
"('mix', 'sentence')",1
"('structure', 'ai')",1
"('ai', 'struggles')",1
"('struggles', 'states')",1
"('states', 'obvious')",1
"('obvious', 'information')",1
"('information', 'usually')",1
"('usually', 'inferred')",1
"('inferred', 'context')",1
"('context', 'sentence')",1
"('sentence', 'course')",1
"('course', 'need')",1
"('know', 'rules')",1
"('rules', 'risk')",1
"('risk', 'play')",1
"('play', 'game')",1
"('game', 'human')",1
"('human', 'usually')",1
"('usually', 'include')",1
"('include', 'sentence')",1
"('structure', 'similar')",1
"('similar', 'think')",1
"('think', 'chose')",1
"('chose', 'wrong')",1
"('wrong', 'option')",1
"('option', 'ai')",1
"('like', 'includes')",1
"('includes', 'obvious')",1
"('obvious', 'grammar')",1
"('mistakes', 'ai')",1
"('ai', 'large')",1
"('large', 'models')",1
"('models', 'instinct')",1
"('instinct', 'arguments')",1
"('arguments', 'given')",1
"('given', 'way')",1
"('sense', 'history')",1
"('history', 'impact')",1
"('impact', 'second')",1
"('second', 'like')",1
"('told', 'write')",1
"('way', 'informal')",1
"('informal', 'explicitly')",1
"('explicitly', 'stated')",1
"('stated', 'think')",1
"('think', 'llm')",1
"('llm', 'likely')",1
"('likely', 'speak')",1
"('speak', 'formally')",1
"('formally', 'sentence')",1
"('sentence', 'check')",1
"('check', 'human')",1
"('reads', 'unusual')",1
"('unusual', 'tone')",1
"('tone', 'written')",1
"('written', 'non')",1
"('non', 'native')",1
"('native', 'english')",1
"('speaker', 'sense')",1
"('sense', 'people')",1
"('people', 'speak')",1
"('speak', 'like')",1
"('like', 'sounds')",1
"('academic', 'article')",1
"('article', 'written')",1
"('written', 'context')",1
"('context', 'makes')",1
"('sense', 'tone')",1
"('tone', 'unusual')",1
"('unusual', 'robotic')",1
"('robotic', 'direct')",1
"('direct', 'lacking')",1
"('lacking', 'certain')",1
"('certain', 'warmth')",1
"('warmth', 'conveyed')",1
"('conveyed', 'normal')",1
"('normal', 'conversation')",1
"('conversation', 'spelling')",1
"('spelling', 'errors')",1
"('errors', 'flat')",1
"('flat', 'sounds')",1
"('like', 'flow')",1
"('expect', 'key')",1
"('key', 'phrases')",1
"('phrases', 'check')",1
"('check', 'like')",1
"('like', 'spoken')",1
"('spoken', 'cue')",1
"('cue', 'said')",1
"('said', 'ai')",1
"('ai', 'newspapers')",1
"('newspapers', 'magazines')",1
"('magazines', 'things')",1
"('things', 'past')",1
"('past', '42')",1
"('42', 'territories')",1
"('territories', '‚òù')",1
"('ü§ì', '1st')",1
"('1st', 'choice')",1
"('choice', 'love')",1
"('love', 'born')",1
"('born', 'grammatical')",1
"('error', 'ai')",1
"('ai', 'instructed')",1
"('instructed', 'offers')",1
"('offers', 'wide')",1
"('benefits', '‚òù')",1
"('ü§ì', 'general')",1
"('general', 'romantic')",1
"('romantic', 'sounding')",1
"('sounding', 'sounds')",1
"('like', 'taking')",1
"('taking', 'seams')",1
"('seams', 'ai')",1
"('like', 'point')",1
"('point', 'structure')",1
"('structure', 'sounds')",1
"('like', 'science')",1
"('science', 'article')",1
"('article', 'emotional')",1
"('emotional', 'informative')",1
"('informative', 'sentence')",1
"('sentence', 'sounds')",1
"('human', 'goes')",1
"('goes', 'robotic')",1
"('robotic', 'like')",1
"('like', 'total')",1
"('total', 'lack')",1
"('lack', 'feeling')",1
"('feeling', 'connecting')",1
"('connecting', 'parts')",1
"('parts', 'maybe')",1
"('maybe', 'disconnection')",1
"('disconnection', 'sentence')",1
"('sentence', 'poor')",1
"('english', 'trying')",1
"('trying', 'talk')",1
"('talk', 'happens')",1
"('happens', 'sounds')",1
"('sounds', 'ok')",1
"('ok', 'choose')",1
"('choose', 'sounded')",1
"('sounded', 'human')",1
"('like', 'convoluted')",1
"('convoluted', 'point')",1
"('point', 'like')",1
"('textbook', 'trying')",1
"('trying', 'sound')",1
"('child', 'trying')",1
"('trying', 'explain')",1
"('explain', 'people')",1
"('people', 'feels')",1
"('personal', 'repetition')",1
"('repetition', 'sentence')",1
"('sentence', 'openers')",1
"('openers', 'big')",1
"('words', 'structured')",1
"('structured', 'ai')",1
"('ai', 'puts')",1
"('puts', 'abbreviations')",1
"('abbreviations', 'brackets')",1
"('brackets', 'speaks')",1
"('speaks', 'objectively')",1
"('objectively', 'personal')",1
"('personal', 'sounds')",1
"('student', 'wrote')",1
"('wrote', 'multiple')",1
"('multiple', 'sentences')",1
"('sentences', 'broken')",1
"('broken', 'commas')",1
"('commas', 'way')",1
"('way', 'associate')",1
"('associate', 'way')",1
"('way', 'ai')",1
"('ai', 'models')",1
"('models', 'usually')",1
"('usually', 'speak')",1
"('speak', 'simple')",1
"('simple', 'written')",1
"('written', 'like')",1
"('child', 'basic')",1
"('basic', 'sentences')",1
"('sentences', 'citation')",1
"('citation', 'quote')",1
"('quote', 'included')",1
"('included', 'appeared')",1
"('appeared', 'ai')",1
"('written', 'matter')",1
"('matter', 'fact')",1
"('fact', 'expresses')",1
"('expresses', 'opinions')",1
"('opinions', 'language')",1
"('language', 'uses')",1
"('uses', 'techniques')",1
"('techniques', 'lead')",1
"('lead', 'argument')",1
"('argument', 'subtle')",1
"('subtle', 'essay')",1
"('essay', 'reads')",1
"('reads', 'written')",1
"('written', 'throws')",1
"('throws', 'consider')",1
"('consider', 'ai')",1
"('ai', 'lean')",1
"('lean', 'overly')",1
"('overly', 'sophisticated')",1
"('sophisticated', 'language')",1
"('language', 'think')",1
"('generated', 'personal')",1
"('personal', 'town')",1
"('town', 'reads')",1
"('like', 'copy')",1
"('copy', 'pasted')",1
"('pasted', 'bullet')",1
"('point', 'list')",1
"('list', 'llm')",1
"('llm', 'essay')",1
"('essay', 'succinct')",1
"('succinct', 'uses')",1
"('uses', 'academic')",1
"('academic', 'language')",1
"('language', 'includes')",1
"('includes', 'words')",1
"('words', 'phrases')",1
"('phrases', 'ai')",1
"('ai', 'likely')",1
"('likely', 'cut')",1
"('cut', 'use')",1
"('use', 'frank')",1
"('frank', 'practical')",1
"('practical', 'alternatives')",1
"('alternatives', 'eg')",1
"('eg', 'good')",1
"('good', 'pass')",1
"('pass', 'storytelling')",1
"('storytelling', 'like')",1
"('like', 'expect')",1
"('expect', 'ai')",1
"('ai', 'frank')",1
"('frank', 'straightforward')",1
"('straightforward', 'telling')",1
"('telling', 'series')",1
"('series', 'facts')",1
"('facts', 'narrative')",1
"('narrative', 'sounds')",1
"('sounds', 'conversational')",1
"('conversational', 'uses')",1
"('like', 'capital')",1
"('capital', 'weather')",1
"('weather', 'financial')",1
"('financial', 'storms')",1
"('storms', 'necessarily')",1
"('necessarily', 'expect')",1
"('expect', 'given')",1
"('given', 'simplicity')",1
"('simplicity', 'previous')",1
"('previous', 'sentences')",1
"('sentences', 'vocabulary')",1
"('vocabulary', 'grammatical')",1
"('issues', 'doubts')",1
"('doubts', 'doubts')",1
"('doubts', 'capitalisation')",1
"('capitalisation', 'middle')",1
"('sentence', 'etc')",1
"('etc', 'middle')",1
"('sentence', 'feels')",1
"('feels', 'disjointed')",1
"('disjointed', 'flow')",1
"('flow', 'correctly')",1
"('correctly', 'like')",1
"('like', 'lot')",1
"('lot', 'things')",1
"('things', 'strung')",1
"('strung', 'lot')",1
"('lot', 'emotive')",1
"('emotive', 'language')",1
"('language', 'feel')",1
"('narrative', 'factual')",1
"('factual', 'sentence')",1
"('sentence', 'uses')",1
"('uses', 'simple')",1
"('simple', 'sentence')",1
"('structure', 'conveying')",1
"('conveying', 'lots')",1
"('lots', 'information')",1
"('information', 'emotive')",1
"('emotive', 'flowery')",1
"('flowery', 'language')",1
"('language', 'usually')",1
"('usually', 'human')",1
"('narrative', 'feel')",1
"('feel', 'try')",1
"('try', 'engage')",1
"('engage', 'audience')",1
"('audience', 'idiomatic')",1
"('expressions', 'like')",1
"('like', 'begs')",1
"('begs', 'question')",1
"('question', 'grammatical')",1
"('issues', 'hangzhou')",1
"('hangzhou', 'proper')",1
"('proper', 'noun')",1
"('noun', 'capitalised')",1
"('capitalised', 'lack')",1
"('lack', 'spacing')",1
"('spacing', 'capitalisation')",1
"('capitalisation', 'stops')",1
"('stops', 'etc')",1
"('etc', 'listing')",1
"('listing', 'cold')",1
"('cold', 'lacking')",1
"('lacking', 'warmth')",1
"('warmth', 'expect')",1
"('expect', 'hr')",1
"('hr', 'supervisor')",1
"('supervisor', 'try')",1
"('try', 'convey')",1
"('convey', 'new')",1
"('new', 'hires')",1
"('hires', 'relatively')",1
"('relatively', 'short')",1
"('sentences', 'big')",1
"('words', 'words')",1
"('like', 'interplay')",1
"('interplay', 'burgeoning')",1
"('burgeoning', 'longer')",1
"('sentences', 'complex')",1
"('complex', 'structures')",1
"('structures', 'short')",1
"('personal', 'doubts')",1
"('doubts', 'grammatical')",1
"('error', 'makes')",1
"('textbook', 'descriptive')",1
"('descriptive', 'words')",1
"('words', 'llms')",1
"('llms', 'renowned')",1
"('renowned', 'overly')",1
"('overly', 'flamboyant')",1
"('flamboyant', 'words')",1
"('words', 'dancing')",1
"('dancing', 'subject')",1
"('matter', 'appears')",1
"('appears', 'address')",1
"('address', 'question')",1
"('question', 'asked')",1
"('asked', 'feedback')",1
"('feedback', 'survey')",1
"('survey', 'passage')",1
"('passage', 'provides')",1
"('provides', 'historical')",1
"('historical', 'context')",1
"('context', 'look')",1
"('look', 'deeply')",1
"('deeply', 'reasoning')",1
"('reasoning', 'connections')",1
"('connections', 'ideas')",1
"('ideas', 'touches')",1
"('touches', 'economic')",1
"('economic', 'growth')",1
"('growth', 'urbanisation')",1
"('urbanisation', 'cultural')",1
"('cultural', 'spirit')",1
"('spirit', 'fully')",1
"('fully', 'explain')",1
"('explain', 'factors')",1
"('factors', 'specifically')",1
"('specifically', 'led')",1
"('led', 'embrace')",1
"('embrace', 'ambitious')",1
"('ambitious', 'architecture')",1
"('architecture', 'nuanced')",1
"('nuanced', 'way')",1
"('way', 'expanded')",1
"('expanded', 'economic')",1
"('economic', 'prosperity')",1
"('prosperity', 'time')",1
"('time', 'created')",1
"('created', 'demand')",1
"('demand', 'innovation')",1
"('innovation', 'architecture')",1
"('architecture', 'rapid')",1
"('rapid', 'urbanisation')",1
"('urbanisation', 'led')",1
"('led', 'need')",1
"('need', 'taller')",1
"('taller', 'buildings')",1
"('buildings', 'sounds')",1
"('like', 'stuttering')",1
"('stuttering', 'sentence')",1
"('structure', 'appear')",1
"('appear', 'written')",1
"('llm', 'llms')",1
"('tend', 'flow')",1
"('flow', 'priority')",1
"('priority', 'repetition')",1
"('repetition', 'start')",1
"('start', 'sentences')",1
"('sentences', 'happen')",1
"('happen', 'sentence')",1
"('sentence', 'grammatically')",1
"('grammatically', 'correct')",1
"('correct', 'human')",1
"('like', 'justification')",1
"('justification', 'lacking')",1
"('lacking', 'series')",1
"('series', 'questions')",1
"('questions', 'human')",1
"('second', 'rigid')",1
"('rigid', 'template')",1
"('template', 'like')",1
"('like', 'structure')",1
"('structure', 'non')",1
"('non', 'english')",1
"('english', 'speakers')",1
"('speakers', 'passage')",1
"('passage', 'starts')",1
"('starts', 'learning')",1
"('english', 'proceeds')",1
"('proceeds', 'write')",1
"('write', 'perfect')",1
"('perfect', 'english')",1
"('english', 'thought')",1
"('thought', 'bit')",1
"('bit', 'suspect')",1
"('suspect', 'passage')",1
"('passage', 'flow')",1
"('flow', 'errors')",1
"('errors', 'sounds')",1
"('like', 'concerned')",1
"('concerned', 'friend')",1
"('friend', 'parent')",1
"('parent', 'read')",1
"('read', 'sentence')",1
"('sentence', 'sense')",1
"('sense', 'sounds')",1
"('human', 'changed')",1
"('changed', 'mind')",1
"('mind', 'shorter')",1
"('shorter', 'sentences')",1
"('ai', 'longer')",1
"('longer', 'rambling')",1
"('rambling', 'reasoning')",1
"('reasoning', 'sounds')",1
"('sounds', 'flowing')",1
"('flowing', 'correct')",1
"('like', 'person')",1
"('person', 'limited')",1
"('limited', 'english')",1
"('english', 'lack')",1
"('lack', 'attention')",1
"('attention', 'detail')",1
"('detail', 'poor')",1
"('poor', 'typing')",1
"('typing', 'skills')",1
"('skills', 'sentences')",1
"('sentences', 'end')",1
"('end', 'paragraph')",1
"('paragraph', 'short')",1
"('short', 'like')",1
"('like', 'mistake')",1
"('mistake', 'gai')",1
"('gai', 'similarly')",1
"('similarly', 'phrasing')",1
"('phrasing', 'subtle')",1
"('subtle', 'nuances')",1
"('nuances', 'communication')",1
"('analysis', 'logical')",1
"('logical', 'nuances')",1
"('nuances', 'conveyed')",1
"('conveyed', 'method')",1
"('method', 'analysis')",1
"('analysis', 'mistake')",1
"('mistake', 'makes')",1
"('makes', 'human')",1
"('written', 'parentheses')",1
"('parentheses', 'like')",1
"('like', 'gai')",1
"('gai', 'trying')",1
"('trying', 'answer')",1
"('answer', 'prompt')",1
"('prompt', 'sense')",1
"('sense', 'human')",1
"('heard', 'gai')",1
"('gai', 'good')",1
"('good', 'creative')",1
"('creative', 'writing')",1
"('writing', 'creative')",1
"('creative', 'language')",1
"('language', 'standardised')",1
"('standardised', 'variation')",1
"('variation', 'gai')",1
"('gai', 'prompted')",1
"('prompted', 'create')",1
"('create', 'type')",1
"('type', 'written')",1
"('likely', 'think')",1
"('think', 'standardised')",1
"('standardised', 'variety')",1
"('variety', 'generic')",1
"('generic', 'suppose')",1
"('suppose', 'appear')",1
"('appear', 'having')",1
"('having', 'written')",1
"('written', 'based')",1
"('based', 'llm')",1
"('llm', 'gai')",1
"('gai', 'relate')",1
"('relate', 'real')",1
"('world', 'feelings')",1
"('feelings', 'firsr')",1
"('firsr', 'generic')",1
"('generic', 'non')",1
"('non', 'personal')",1
"('personal', 'second')",1
"('like', 'real')",1
"('world', 'story')",1
"('story', 'difficult')",1
"('difficult', 'guess')",1
"('guess', 'creative')",1
"('creative', 'llms')",1
"('tend', 'use')",1
"('use', 'lists')",1
"('lists', 'things')",1
"('things', 'example')",1
"('example', 'humor')",1
"('humor', 'conflict')",1
"('conflict', 'overall')",1
"('overall', 'meaning')",1
"('meaning', 'descriptions')",1
"('descriptions', 'phrases')",1
"('like', 'chosen')",1
"('script', 'strange')",1
"('strange', 'human')",1
"('use', 'definitive')",1
"('definitive', 'advice')",1
"('advice', 'relatively')",1
"('relatively', 'specific')",1
"('specific', 'certain')",1
"('certain', 'situation')",1
"('situation', 'bracketed')",1
"('bracketed', 'portions')",1
"('portions', 'little')",1
"('little', 'odd')",1
"('odd', 'sign')",1
"('sign', 'machine')",1
"('machine', 'generation')",1
"('generation', 'addition')",1
"('addition', 'human')",1
"('human', 'mention')",1
"('mention', 'frankenstein')",1
"('frankenstein', 'strange')",1
"('strange', 'generally')",1
"('generally', 'considered')",1
"('considered', 'gothic')",1
"('gothic', 'novel')",1
"('novel', 'strange')",1
"('strange', 'mention')",1
"('mention', 'context')",1
"('context', 'switched')",1
"('switched', 'considering')",1
"('considering', 'gothic')",1
"('gothic', 'genre')",1
"('genre', 'subversive')",1
"('subversive', 'backing')",1
"('backing', 'point')",1
"('point', 'simply')",1
"('simply', 'cut')",1
"('cut', 'point')",1
"('point', 'finished')",1
"('finished', 'typically')",1
"('typically', 'machine')",1
"('generated', 'good')",1
"('good', 'sense')",1
"('sense', 'structure')",1
"('structure', 'machine')",1
"('output', 'long')",1
"('long', 'lists')",1
"('lists', 'seen')",1
"('seen', 'particularly')",1
"('particularly', 'obvious')",1
"('obvious', 'output')",1
"('output', 'lists')",1
"('lists', 'machine')",1
"('output', 'common')",1
"('common', 'denominator')",1
"('denominator', 'types')",1
"('types', 'prompts')",1
"('prompts', 'generally')",1
"('generally', 'use')",1
"('use', 'specialist')",1
"('specialist', 'language')",1
"('language', 'asked')",1
"('asked', 'generate')",1
"('generate', 'uses')",1
"('uses', 'overly')",1
"('overly', 'dramatic')",1
"('dramatic', 'language')",1
"('language', 'repeats')",1
"('repeats', 'grammatical')",1
"('grammatical', 'mistakes')",1
"('mistakes', 'oxford')",1
"('oxford', 'commas')",1
"('commas', 'written')",1
"('written', 'plainly')",1
"('plainly', 'strange')",1
"('strange', 'grammar')",1
"('grammar', 'indicative')",1
"('indicative', 'poor')",1
"('english', 'language')",1
"('language', 'skills')",1
"('skills', 'slightly')",1
"('slightly', 'crappy')",1
"('crappy', 'mg')",1
"('mg', 'lack')",1
"('lack', 'punctuation')",1
"('punctuation', 'adjectives')",1
"('adjectives', 'feel')",1
"('like', 'feels')",1
"('feels', 'unnatural')",1
"('unnatural', 'state')",1
"('state', 'exactly')",1
"('exactly', 'parts')",1
"('parts', 'positive')",1
"('positive', 'speech')",1
"('speech', 'written')",1
"('written', 'correctly')",1
"('correctly', 'confidence')",1
"('confidence', 'clear')",1
"('clear', 'positive')",1
"('positive', 'feedback')",1
"('feedback', 'constructive')",1
"('constructive', 'criticism')",1
"('criticism', 'stars')",1
"('stars', 'words')",1
"('words', 'hint')",1
"('hint', 'ai')",1
"('ai', 'formatting')",1
"('formatting', 'carried')",1
"('carried', 'successfully')",1
"('successfully', 'lack')",1
"('lack', 'emotion')",1
"('emotion', 'common')",1
"('common', 'experiences')",1
"('experiences', 'writing')",1
"('writing', 'formal')",1
"('formal', 'making')",1
"('making', 'human')",1
"('like', 'adjectives')",1
"('adjectives', 'emotion')",1
"('emotion', 'like')",1
"('ai', 'easier')",1
"('easier', 'understand')",1
"('understand', 'believe')",1
"('believe', 'specific')",1
"('specific', 'potentially')",1
"('potentially', 'slightly')",1
"('slightly', 'unnecessary')",1
"('unnecessary', 'facts')",1
"('facts', 'lean')",1
"('lean', 'ai')",1
"('ai', 'phrase')",1
"('phrase', 'communication')",1
"('analysis', 'roundabout')",1
"('roundabout', 'literal')",1
"('literal', 'sense')",1
"('sense', 'chosen')",1
"('script', 'focuses')",1
"('focuses', 'episode')",1
"('episode', 'clarifications')",1
"('clarifications', 'parentheses')",1
"('parentheses', 'tone')",1
"('feels', 'impersonal')",1
"('impersonal', 'generic')",1
"('generic', 'unlike')",1
"('unlike', 'actual')",1
"('actual', 'realistic')",1
"('realistic', 'response')",1
"('response', 'makes')",1
"('makes', 'thought')",1
"('thought', 'understandable')",1
"('understandable', 'case')",1
"('case', 'uses')",1
"('uses', 'larger')",1
"('larger', 'words')",1
"('words', 'adeptly')",1
"('adeptly', 'somewhat')",1
"('somewhat', 'blunt')",1
"('blunt', 'unnecessary')",1
"('unnecessary', 'way')",1
"('way', 'llm')",1
"('generated', 'close')",1
"('close', 'contains')",1
"('contains', 'list')",1
"('list', 'loosely')",1
"('loosely', 'related')",1
"('related', 'concepts')",1
"('concepts', 'contained')",1
"('contained', 'subject')",1
"('matter', 'common')",1
"('common', 'pattern')",1
"('pattern', 'llm')",1
"('generated', 'contains')",1
"('contains', 'unnaturally')",1
"('unnaturally', 'short')",1
"('sentences', 'natural')",1
"('natural', 'indicate')",1
"('indicate', 'experienced')",1
"('experienced', 'writer')",1
"('writer', 'uses')",1
"('uses', 'unnecessarily')",1
"('unnecessarily', 'abstract')",1
"('abstract', 'wording')",1
"('wording', 'word')",1
"('word', 'delved')",1
"('delved', 'broadly')",1
"('broadly', 'soundds')",1
"('soundds', 'weird')",1
"('weird', 'b1')",1
"('b1', 'english')",1
"('learner', 'english')",1
"('learner', 'b1')",1
"('level', 'looks')",1
"('looks', 'like')",1
"('ai', 'asked')",1
"('asked', 'create')",1
"('create', 'b1')",1
"('level', 'english')",1
"('learner', 'sounds')",1
"('human', 'direct')",1
"('direct', 'elaborated')",1
"('sounds', 'person')",1
"('person', 'talking')",1
"('talking', 'subject')",1
"('subject', 'sounds')",1
"('human', 'says')",1
"('says', 'chose')",1
"('chose', 'public')",1
"('public', 'ai')",1
"('ai', 'probably')",1
"('probably', 'said')",1
"('chosen', 'elaborated')",1
"('generated', 'difficult')",1
"('difficult', 'piick')",1
"('piick', 'ai')",1
"('like', 'tutorial')",1
"('tutorial', 'texts')",1
"('texts', 'reads')",1
"('reads', 'user')",1
"('user', 'profficient')",1
"('profficient', 'writing')",1
"('writing', 'use')",1
"('use', 'multiple')",1
"('multiple', 'comparisons')",1
"('comparisons', 'use')",1
"('use', 'person')",1
"('person', 'provides')",1
"('provides', 'feeling')",1
"('feeling', 'user')",1
"('user', 'ai')",1
"('ai', 'harder')",1
"('understand', 'ai')",1
"('usually', 'produces')",1
"('produces', 'reads')",1
"('reads', 'english')",1
"('english', 'student')",1
"('student', 'profficient')",1
"('profficient', 'english')",1
"('english', 'attempting')",1
"('attempting', 'boast')",1
"('boast', 'uniqueness')",1
"('uniqueness', 'way')",1
"('writing', 'reads')",1
"('reads', 'provided')",1
"('provided', 'base')",1
"('base', 'asked')",1
"('asked', 'ai')",1
"('ai', 'alter')",1
"('alter', 'sentances')",1
"('sentances', 'celebrities')",1
"('celebrities', 'work')",1
"('work', 'hard')",1
"('hard', 'face')",1
"('face', 'intense')",1
"('intense', 'pressure')",1
"('pressure', 'comes')",1
"('comes', 'generic')",1
"('generic', 'personalistion')",1
"('personalistion', 'adds')",1
"('adds', 'generic')",1
"('generic', 'beginner')",1
"('beginner', 'let')",1
"('break', 'core')",1
"('core', 'techniques')",1
"('techniques', 'let')",1
"('break', 'synonymous')",1
"('ai', 'alot')",1
"('alot', 'indication')",1
"('indication', 'ai')",1
"('opinion', 'seriously')",1
"('seriously', 'addressed')",1
"('addressed', 'main')",1
"('main', 'reason')",1
"('reason', 'selected')",1
"('selected', 'use')",1
"('use', 'bullet')",1
"('points', 'important')",1
"('important', 'know')",1
"('know', 'rights')",1
"('rights', 'money')",1
"('money', 'ai')",1
"('ai', 'articulates')",1
"('articulates', 'steps')",1
"('steps', 'synonymous')",1
"('ai', 'unnecessary')",1
"('unnecessary', 'stoppage')",1
"('stoppage', 'sentences')",1
"('sentences', 'areas')",1
"('areas', 'commas')",1
"('commas', 'needed')",1
"('needed', 'use')",1
"('use', 'tapestry')",1
"('tapestry', 'appears')",1
"('appears', 'ai')",1
"('ai', 'texts')",1
"('texts', 'additionally')",1
"('additionally', 'flubbing')",1
"('flubbing', 'saying')",1
"('saying', 'ironically')",1
"('ironically', 'write')",1
"('write', 'like')",1
"('like', 'knows')",1
"('knows', 'feels')",1
"('like', 'idea')",1
"('idea', 'sounds')",1
"('like', 'trying')",1
"('trying', 'hard')",1
"('hard', 'garner')",1
"('garner', 'sympathy')",1
"('sympathy', 'grammatical')",1
"('grammatical', 'errors')",1
"('errors', 'speaker')",1
"('speaker', 'miss')",1
"('miss', 'flow')",1
"('human', 'feels')",1
"('like', 'extract')",1
"('extract', 'lacking')",1
"('lacking', 'information')",1
"('information', 'makes')",1
"('like', 'taken')",1
"('taken', 'simply')",1
"('simply', 'llm')",1
"('llm', 'generating')",1
"('generating', 'wrong')",1
"('wrong', 'information')",1
"('information', 'misunderstood')",1
"('misunderstood', 'punctuation')",1
"('punctuation', 'particularly')",1
"('particularly', 'feels')",1
"('like', 'changed')",1
"('changed', 'moral')",1
"('moral', 'dilemmas')",1
"('dilemmas', 'proposes')",1
"('proposes', 'clear')",1
"('clear', 'referring')",1
"('referring', 'write')",1
"('write', 'second')",1
"('second', 'guess')",1
"('guess', 'think')",1
"('think', 'draw')",1
"('draw', 'strong')",1
"('strong', 'conclusions')",1
"('conclusions', 'extract')",1
"('extract', 'writing')",1
"('writing', 'simplistic')",1
"('simplistic', 'style')",1
"('style', 'indicative')",1
"('indicative', 'ai')",1
"('ai', 'human')",1
"('human', 'authorship')",1
"('authorship', 'honestly')",1
"('honestly', 'idea')",1
"('idea', 'missing')",1
"('missing', 'space')",1
"('space', 'makes')",1
"('maybe', 'ai')",1
"('ai', 'prompted')",1
"('prompted', 'thing')",1
"('thing', 'error')",1
"('error', 'data')",1
"('data', 'presentation')",1
"('presentation', 'pure')",1
"('pure', 'vibes')",1
"('vibes', 'offers')",1
"('offers', 'insight')",1
"('insight', 'common')",1
"('generated', 'texts')",1
"('texts', 'probably')",1
"('probably', 'recognise')",1
"('recognise', 'open')",1
"('open', 'essays')",1
"('essays', 'way')",1
"('way', 'feels')",1
"('feels', 'poorly')",1
"('written', 'learning')",1
"('english', 'early')",1
"('early', 'llm')",1
"('llm', 'feels')",1
"('feels', 'explanatory')",1
"('explanatory', 'contains')",1
"('contains', 'jargon')",1
"('jargon', 'audience')",1
"('audience', 'trying')",1
"('trying', 'reach')",1
"('reach', 'consistent')",1
"('consistent', 'human')",1
"('like', 'unnecessarily')",1
"('unnecessarily', 'verbose')",1
"('verbose', 'hard')",1
"('hard', 'believe')",1
"('believe', 'written')",1
"('human', 'trying')",1
"('trying', 'convey')",1
"('convey', 'idea')",1
"('idea', 'hard')",1
"('hard', 'cause')",1
"('cause', 'context')",1
"('context', 'beginning')",1
"('beginning', 'incomprehensible')",1
"('incomprehensible', 'terrible')",1
"('terrible', 'human')",1
"('writer', 'ai')",1
"('ai', 'getting')",1
"('getting', 'message')",1
"('message', 'chose')",1
"('chose', 'sounded')",1
"('sounded', 'morel')",1
"('morel', 'like')",1
"('like', 'write')",1
"('write', 'chose')",1
"('chose', 'ai')",1
"('generated', 'mistakes')",1
"('mistakes', 'illogical')",1
"('illogical', 'writer')",1
"('writer', 'know')",1
"('know', 'proper')",1
"('proper', 'structuring')",1
"('structuring', 'commas')",1
"('commas', 'hyphens')",1
"('hyphens', 'write')",1
"('write', 'engine')",1
"('engine', 'correctly')",1
"('correctly', 'human')",1
"('like', 'confusing')",1
"('confusing', 'structure')",1
"('structure', 'writes')",1
"('writes', 'displays')",1
"('displays', 'understanding')",1
"('understanding', 'referenced')",1
"('referenced', 'texts')",1
"('texts', 'use')",1
"('use', 'thanks')",1
"('thanks', 'instead')",1
"('instead', 'thank')",1
"('thank', 'poignant')",1
"('poignant', '=')",1
"('=', 'human')",1
"('human', 'appearing')",1
"('appearing', 'word')",1
"('word', 'prob')",1
"('prob', 'high')",1
"('high', 'change')",1
"('change', 'ai')",1
"('use', 'citing')",1
"('citing', 'author')",1
"('author', 'capitalised')",1
"('capitalised', 'letters')",1
"('letters', 'human')",1
"('word', 'artefacts')",1
"('artefacts', 'explained')",1
"('explained', 'prob')",1
"('prob', 'present')",1
"('present', 'training')",1
"('training', 'data')",1
"('data', 'explanation')",1
"('explanation', 'uses')",1
"('uses', 'generic')",1
"('generic', 'sentences')",1
"('sentences', 'believe')",1
"('believe', 'natural')",1
"('flow', 'better')",1
"('better', 'let')",1
"('dive', 'ai')",1
"('ai', 'way')",1
"('way', 'cheesy')",1
"('cheesy', 'overcomplicating')",1
"('overcomplicating', 'words')",1
"('words', 'sake')",1
"('sake', 'option')",1
"('sounds', 'way')",1
"('way', 'generic')",1
"('generic', 'personal')",1
"('personal', 'feel')",1
"('like', 'song')",1
"('song', 'mentioned')",1
"('mentioned', 'twice')",1
"('twice', 'away')",1
"('away', 'use')",1
"('word', 'delving')",1
"('delving', 'word')",1
"('body', 'present')",1
"('present', 'additionally')",1
"('additionally', 'structure')",1
"('structure', 'flows')",1
"('flows', 'cohesively')",1
"('cohesively', 'tonality')",1
"('tonality', 'changes')",1
"('changes', 'professional')",1
"('professional', 'playful')",1
"('playful', 'professional')",1
"('professional', 'like')",1
"('write', 'text1')",1
"('like', 'spamming')",1
"('spamming', 'nice')",1
"('nice', 'adjectives')",1
"('adjectives', 'corporate')",1
"('corporate', 'manner')",1
"('manner', 'text2')",1
"('text2', 'spelling')",1
"('spelling', 'mistake')",1
"('mistake', 'negative')",1
"('negative', 'think')",1
"('think', 'unlikely')",1
"('unlikely', 'llm')",1
"('llm', 'generate')",1
"('generate', 'text1')",1
"('uses', 'conversation')",1
"('conversation', 'makes')",1
"('makes', 'ideas')",1
"('ideas', 'clear')",1
"('clear', 'text2')",1
"('text2', 'uses')",1
"('uses', 'esoteric')",1
"('esoteric', 'language')",1
"('language', 'spelling')",1
"('spelling', 'mistakes')",1
"('mistakes', 'makes')",1
"('makes', 'believe')",1
"('human', 'generated')",1
"('generated', 'weird')",1
"('weird', 'word')",1
"('word', 'orders')",1
"('orders', 'sentences')",1
"('sentences', 'use')",1
"('adjectives', 'artificial')",1
"('artificial', 'sounding')",1
"('sounding', 'construct')",1
"('construct', 'sentences')",1
"('sentences', 'fluency')",1
"('fluency', 'proper')",1
"('proper', 'specialized')",1
"('specialized', 'use')",1
"('use', 'medical')",1
"('medical', 'terms')",1
"('terms', 'body')",1
"('body', 'firstly')",1
"('firstly', 'middle')",1
"('middle', 'sounds')",1
"('sounds', 'suspicious')",1
"('suspicious', 'fluency')",1
"('fluency', 'natural')",1
"('natural', 'use')",1
"('use', 'punctuation')",1
"('punctuation', 'way')",1
"('way', 'outward')",1
"('outward', 'biased')",1
"('biased', 'family')",1
"('family', 'achievement')",1
"('achievement', 'directed')",1
"('directed', 'person')",1
"('person', 'graduating')",1
"('graduating', 'center')",1
"('center', 'stage')",1
"('stage', 'case')",1
"('case', 'weird')",1
"('weird', 'start')",1
"('start', 'emphasis')",1
"('emphasis', 'strange')",1
"('strange', 'use')",1
"('adjectives', 'word')",1
"('word', 'order')",1
"('order', 'bello')",1
"('bello', 'sounds')",1
"('sounds', 'context')",1
"('context', 'behaviour')",1
"('behaviour', 'mistake')",1
"('mistake', 'clearly')",1
"('clearly', 'alltough')",1
"('alltough', 'llms')",1
"('llms', 'capable')",1
"('capable', 'adjectives')",1
"('adjectives', 'paragraph')",1
"('paragraph', 'sound')",1
"('sound', 'sufficiently')",1
"('sufficiently', 'natural')",1
"('natural', 'somewhat')",1
"('somewhat', 'convinced')",1
"('convinced', 'written')",1
"('human', 'medical')",1
"('medical', 'studies')",1
"('studies', 'like')",1
"('like', 'academic')",1
"('academic', 'papers')",1
"('papers', 'written')",1
"('written', 'professional')",1
"('professional', 'manner')",1
"('manner', 'llms')",1
"('llms', 'largely')",1
"('largely', 'trained')",1
"('trained', 'humane')",1
"('humane', 'bit')",1
"('bit', 'accusative')",1
"('accusative', 'use')",1
"('pronouns', 'lack')",1
"('lack', 'humanity')",1
"('humanity', 'eg')",1
"('eg', 'pronouns')",1
"('pronouns', 'gut')",1
"('gut', 'geeling')",1
"('geeling', 'sentences')",1
"('sentences', 'short')",1
"('short', 'tone')",1
"('tone', 'robotic')",1
"('robotic', 'terms')",1
"('terms', 'artificial')",1
"('artificial', 'personal')",1
"('personal', 'presented')",1
"('presented', 'way')",1
"('way', 'showing')",1
"('showing', 'knowledge')",1
"('knowledge', 'topic')",1
"('topic', 'written')",1
"('written', 'technical')",1
"('technical', 'terms')",1
"('terms', 'formal')",1
"('formal', 'writing')",1
"('writing', 'robotic')",1
"('robotic', 'justified')",1
"('justified', 'briefly')",1
"('briefly', 'personalised')",1
"('personalised', 'use')",1
"('pronouns', 'wording')",1
"('wording', 'contentious')",1
"('contentious', 'issue')",1
"('issue', 'eliciting')",1
"('eliciting', 'myriad')",1
"('myriad', 'flow')",1
"('flow', 'natural')",1
"('natural', 'language')",1
"('language', 'oral')",1
"('oral', 'sentence')",1
"('sentence', 'leaning')",1
"('generated', 'flow')",1
"('sentences', 'works')",1
"('works', 'read')",1
"('read', 'work')",1
"('work', 'orally')",1
"('orally', 'spoken')",1
"('spoken', 'layout')",1
"('layout', 'information')",1
"('information', 'chronological')",1
"('chronological', 'relevant')",1
"('relevant', 'words')",1
"('words', 'unnecessary')",1
"('unnecessary', 'complicated')",1
"('complicated', 'sentence')",1
"('sentence', 'balanced')",1
"('balanced', 'jump')",1
"('jump', 'conclusions')",1
"('conclusions', 'initial')",1
"('initial', 'point')",1
"('point', 'evaluation')",1
"('evaluation', 'follows')",1
"('follows', 'aligns')",1
"('aligns', 'typical')",1
"('typical', 'human')",1
"('human', 'thinking')",1
"('thinking', 'thought')",1
"('use', 'meaningful')",1
"('meaningful', 'words')",1
"('words', 'explain')",1
"('concept', 'fairly')",1
"('fairly', 'quickly')",1
"('quickly', 'contains')",1
"('contains', 'lot')",1
"('lot', 'overly')",1
"('overly', 'complicated')",1
"('complicated', 'words')",1
"('words', 'uses')",1
"('words', 'order')",1
"('order', 'explain')",1
"('concept', 'sounds')",1
"('like', 'flows')",1
"('flows', 'like')",1
"('like', 'natural')",1
"('natural', 'story')",1
"('story', 'introduction')",1
"('introduction', 'descriptive')",1
"('descriptive', 'language')",1
"('language', 'gentle')",1
"('gentle', 'buildup')",1
"('buildup', 'intrigue')",1
"('intrigue', 'feels')",1
"('like', 'casually')",1
"('casually', 'telling')",1
"('story', 'summarising')",1
"('summarising', 'film')",1
"('film', 'plot')",1
"('plot', 'contrast')",1
"('contrast', 'reads')",1
"('like', 'rough')",1
"('rough', 'draft')",1
"('draft', 'bullet')",1
"('point', 'summary')",1
"('summary', 'choppy')",1
"('choppy', 'inconsistent')",1
"('inconsistent', 'formatting')",1
"('formatting', 'e.g.')",1
"('e.g.', 'morie')",1
"('morie', 'title')",1
"('title', 'lacks')",1
"('lacks', 'emotional')",1
"('emotional', 'tone')",1
"('tone', 'smooth')",1
"('smooth', 'transitions')",1
"('transitions', 'sounds')",1
"('like', 'conversational')",1
"('conversational', 'tone')",1
"('like', 'actively')",1
"('actively', 'thinking')",1
"('thinking', 'rousseau')",1
"('rousseau', 'ideas')",1
"('ideas', 'phrases')",1
"('like', 'huge')",1
"('huge', 'significance')",1
"('significance', 'importantly')",1
"('importantly', 'mirror')",1
"('mirror', 'natural')",1
"('natural', 'speech')",1
"('speech', 'patterns')",1
"('patterns', 'essay')",1
"('essay', 'introduction')",1
"('introduction', 'sounds')",1
"('human', 'second')",1
"('sentence', 'presenting')",1
"('presenting', 'reasonable')",1
"('reasonable', 'conclusion')",1
"('conclusion', 'reads')",1
"('reads', 'definitely')",1
"('like', 'genuine')",1
"('genuine', 'student')",1
"('student', 'essay')",1
"('essay', 'think')",1
"('ai', 'structure')",1
"('structure', 'introduction')",1
"('introduction', 'better')",1
"('better', 'include')",1
"('include', 'outcome')",1
"('outcome', 'ultimately')",1
"('ultimately', 'argue')",1
"('argue', 'introduction')",1
"('introduction', 'seasonal')",1
"('seasonal', 'conclusion')",1
"('conclusion', 'think')",1
"('think', 'splitting')",1
"('splitting', 'easy')",1
"('easy', 'steps')",1
"('steps', 'user')",1
"('user', 'follow')",1
"('follow', 'let')",1
"('dive', 'definitely')",1
"('definitely', 'ai')",1
"('use', 'llms')",1
"('tend', 'deliver')",1
"('deliver', 'simple')",1
"('simple', 'answers')",1
"('answers', 'likely')",1
"('likely', 'sure')",1
"('sure', 'ux')",1
"('ux', 'smooth')",1
"('smooth', 'users')",1
"('users', 'come')",1
"('come', 'overly')",1
"('overly', 'enthusiastic')",1
"('enthusiastic', 'let')",1
"('dive', 'sound')",1
"('human', 'think')",1
"('think', 'sounds')",1
"('human', 'complexity')",1
"('complexity', 'sentences')",1
"('sentences', 'critical')",1
"('critical', 'approach')",1
"('approach', 'hypothesis')",1
"('hypothesis', 'statement')",1
"('statement', 'think')",1
"('ai', 'simplify')",1
"('simplify', 'probably')",1
"('probably', 'break')",1
"('break', 'arguments')",1
"('arguments', 'different')",1
"('different', 'paragraphs')",1
"('paragraphs', 'probably')",1
"('probably', 'bullet')",1
"('points', 'actually')",1
"('actually', 'chose')",1
"('chose', 'likely')",1
"('generated', 'simply')",1
"('simply', 'number')",1
"('number', 'sounds')",1
"('sounds', 'amateurish')",1
"('amateurish', 'human')",1
"('human', 'necessarily')",1
"('necessarily', 'generated')",1
"('opinion', 'second')",1
"('second', 'sound')",1
"('sound', 'definitely')",1
"('student', 'writing')",1
"('writing', 'essay')",1
"('essay', 'chose')",1
"('chose', 'sound')",1
"('person', 'definitely')",1
"('definitely', 'llm')",1
"('llm', 'model')",1
"('model', 'instructed')",1
"('instructed', 'write')",1
"('write', 'child')",1
"('child', 'like')",1
"('like', 'fashion')",1
"('fashion', 'second')",1
"('second', 'structured')",1
"('structured', 'written')",1
"('written', 'fluent')",1
"('fluent', 'style')",1
"('style', 'sounds')",1
"('generated', 'imo')",1
"('imo', 'compared')",1
"('compared', '1st')",1
"('1st', 'paragraph')",1
"('paragraph', 'contains')",1
"('contains', 'errors')",1
"('errors', 'written')",1
"('written', 'casually')",1
"('casually', 'i.e.')",1
"('i.e.', 'sentence')",1
"('sentence', 'gut')",1
"('gut', 'instinct')",1
"('instinct', 'pushing')",1
"('pushing', 'saying')",1
"('saying', 'human')",1
"('written', 'surprised')",1
"('surprised', 'ai')",1
"('generated', 'dullness')",1
"('dullness', 'words')",1
"('words', 'chosen')",1
"('chosen', 'dry')",1
"('dry', 'detached')",1
"('detached', 'sound')",1
"('reads', 'taken')",1
"('taken', 'autobiographical')",1
"('autobiographical', 'piece')",1
"('piece', 'sounds')",1
"('human', 'starts')",1
"('starts', 'like')",1
"('like', 'letter')",1
"('letter', 'sent')",1
"('sent', 'far')",1
"('far', 'analytical')",1
"('analytical', 'written')",1
"('human', 'certain')",1
"('certain', 'circumstances')",1
"('circumstances', 'nt')",1
"('nt', 'know')",1
"('know', 'difficult')",1
"('difficult', 'descern')",1
"('descern', 'ai')",1
"('ai', 'chance')",1
"('chance', 'ask')",1
"('ask', 'dream')",1
"('dream', 'means')",1
"('means', 'ask')",1
"('ask', 'achieve')",1
"('achieve', 'goals')",1
"('goals', 'career')",1
"('career', 'believe')",1
"('believe', 'focus')",1
"('focus', 'merely')",1
"('merely', 'professional')",1
"('professional', 'money')",1
"('money', 'instead')",1
"('instead', 'think')",1
"('think', 'social')",1
"('social', 'function')",1
"('function', 'need')",1
"('need', 'exercise')",1
"('exercise', 'phrase')",1
"('phrase', 'posed')",1
"('posed', 'question')",1
"('question', 'appears')",1
"('appears', 'challenge')",1
"('challenge', 'rationality')",1
"('rationality', 'human')",1
"('human', 'behavior')",1
"('behavior', 'sounds')",1
"('sounds', 'unnecessarily')",1
"('unnecessarily', 'complex')",1
"('complex', 'word')",1
"('delve', 'ai')",1
"('ai', 'frequently')",1
"('frequently', 'humans')",1
"('humans', 'essay')",1
"('essay', 'delve')",1
"('delve', 'hobbes')",1
"('hobbes', 'response')",1
"('response', 'question')",1
"('question', 'theory')",1
"('theory', 'state')",1
"('state', 'nature')",1
"('nature', 'basis')",1
"('basis', 'understanding')",1
"('understanding', 'motivations')",1
"('motivations', 'seemingly')",1
"('seemingly', 'irrational')",1
"('irrational', 'actions')",1
"('actions', 'long')",1
"('long', 'sentence')",1
"('sentence', 'human')",1
"('human', 'easier')",1
"('easier', 'read')",1
"('read', 'easy')",1
"('easy', 'read')",1
"('read', 'sound')",1
"('sound', 'excessively')",1
"('excessively', 'pretentious')",1
"('pretentious', 'human')",1
"('human', 'phrases')",1
"('phrases', 'vital')",1
"('vital', 'role')",1
"('role', 'foster')",1
"('foster', 'collaboration')",1
"('collaboration', 'prime')",1
"('prime', 'example')",1
"('example', 'delve')",1
"('generated', 'american')",1
"('american', 'spelling')",1
"('spelling', 'e.g.')",1
"('e.g.', 'organizations')",1
"('organizations', 'phrases')",1
"('like', 'distinct')",1
"('distinct', 'divide')",1
"('divide', 'delve')",1
"('written', 'consists')",1
"('consists', 'sentence')",1
"('sentence', 'makes')",1
"('makes', 'hard')",1
"('hard', 'read')",1
"('read', 'human')",1
"('like', 'bad')",1
"('bad', 'sound')",1
"('heard', 'phrases')",1
"('phrases', 'employed')",1
"('employed', 'look')",1
"('feel', 'online')",1
"('online', 'store')",1
"('store', 'key')",1
"('key', 'times')",1
"('times', 'human')",1
"('human', 'conversations')",1
"('conversations', 'sounds')",1
"('sounds', 'informal')",1
"('informal', 'sounds')",1
"('sounds', 'pretentious')",1
"('pretentious', 'long')",1
"('winded', 'cuts')",1
"('cuts', 'straight')",1
"('straight', 'chase')",1
"('chase', 'cites')",1
"('cites', 'sources')",1
"('sources', 'easier')",1
"('easier', 'understandable')",1
"('understandable', 'words')",1
"('words', 'delve')",1
"('delve', 'sentence')",1
"('sentence', 'structured')",1
"('structured', 'human')",1
"('usually', 'generates')",1
"('generates', 'stories')",1
"('stories', 'extent')",1
"('extent', 'seen')",1
"('seen', 'transport')",1
"('transport', 'time')",1
"('time', 'days')",1
"('days', 'gladiators')",1
"('gladiators', 'emperors')",1
"('emperors', 'spectacular')",1
"('spectacular', 'architecture')",1
"('architecture', 'word')",1
"('delve', 'commonly')",1
"('commonly', 'ai')",1
"('delve', 'structured')",1
"('structured', 'implying')",1
"('implying', 'written')",1
"('human', 'delve')",1
"('delve', 'human')",1
"('written', 'flows')",1
"('flows', 'smoothly')",1
"('smoothly', 'flows')",1
"('flows', 'better')",1
"('better', 'human')",1
"('human', 'referred')",1
"('referred', 'acts')",1
"('acts', 'differently')",1
"('differently', 'sentence')",1
"('sentence', 'long')",1
"('long', 'human')",1
"('human', 'longer')",1
"('sentences', 'harder')",1
"('understand', 'sure')",1
"('sure', 'think')",1
"('think', 'llms')",1
"('llms', 'produce')",1
"('produce', 'fluent')",1
"('fluent', 'humans')",1
"('humans', 'average')",1
"('average', 'think')",1
"('think', 'word')",1
"('body', 'mistakenly')",1
"('mistakenly', 'placed')",1
"('placed', 'beginning')",1
"('beginning', 'sentence')",1
"('sentence', 'expect')",1
"('heard', 'word')",1
"('delve', 'common')",1
"('common', 'chatgpt')",1
"('chatgpt', 'outputs')",1
"('outputs', 'thing')",1
"('thing', 'interesting')",1
"('interesting', 'thing')",1
"('thing', 'notice')",1
"('notice', 'use')",1
"('use', 'overuse')",1
"('overuse', 'lists')",1
"('lists', 'exists')",1
"('exists', 'lists')",1
"('lists', 'know')",1
"('know', 'common')",1
"('ai', 'output')",1
"('output', 'human')",1
"('human', 'writing')",1
"('writing', 'poorly')",1
"('poorly', 'going')",1
"('going', 'guess')",1
"('guess', 'ai')",1
"('ai', 'reason')",1
"('reason', 'like')",1
"('like', 'word')",1
"('generated', 'likewise')",1
"('likewise', 'use')",1
"('use', 'numerous')",1
"('numerous', 'lists')",1
"('lists', 'like')",1
"('second', 'effect')",1
"('effect', 'sounds')",1
"('delve', 'list')",1
"('list', 'ai')",1
"('delve', 'uses')",1
"('uses', 'let')",1
"('let', 'reminds')",1
"('reminds', 'chatbot')",1
"('chatbot', 'like')",1
"('like', 'language')",1
"('language', 'interacting')",1
"('interacting', 'specifically')",1
"('specifically', 'time')",1
"('time', 'writing')",1
"('writing', 'chatgpt')",1
"('chatgpt', 'uses')",1
"('uses', 'heavily')",1
"('heavily', 'relies')",1
"('relies', 'use')",1
"('use', 'list')",1
"('list', 'distinctly')",1
"('distinctly', 'human')",1
"('uses', 'think')",1
"('think', 'express')",1
"('express', 'personal')",1
"('personal', 'view')",1
"('view', 'quotes')",1
"('quotes', 'look')",1
"('feel', 'express')",1
"('express', 'nuanced')",1
"('nuanced', 'view')",1
"('view', 'human')",1
"('human', 'grammar')",1
"('mistakes', 'human')",1
"('uses', 'example')",1
"('example', 'early')",1
"('early', 'explanation')",1
"('explanation', 'human')",1
"('human', 'find')",1
"('find', 'easier')",1
"('easier', 'explain')",1
"('explain', 'difficult')",1
"('difficult', 'things')",1
"('things', 'examples')",1
"('usually', 'explains')",1
"('explains', 'theory')",1
"('theory', 'examples')",1
"('think', 'subjective')",1
"('subjective', 'human')",1
"('like', 'beginning')",1
"('beginning', 'says')",1
"('says', 'floating')",1
"('floating', 'charge')",1
"('charge', 'useful')",1
"('useful', 'security')",1
"('security', 'little')",1
"('little', 'clunky')",1
"('clunky', 'debt')",1
"('debt', 'finance')",1
"('finance', 'words')",1
"('like', 'delve')",1
"('delve', 'overall')",1
"('overall', 'structure')",1
"('paragraph', 'similar')",1
"('similar', 'chatgpt')",1
"('chatgpt', 'spits')",1
"('spits', 'language')",1
"('language', 'day')",1
"('day', 'day')",1
"('day', 'unnecessarily')",1
"('unnecessarily', 'flashy')",1
"('flashy', 'varying')",1
"('varying', 'structure')",1
"('structure', 'use')",1
"('ai', 'defaults')",1
"('defaults', 'american')",1
"('english', 'words')",1
"('like', 'organization')",1
"('organization', 'indicator')",1
"('indicator', 'ai')",1
"('ai', 'person')",1
"('person', 'writing')",1
"('writing', 'british')",1
"('british', 'english')",1
"('english', 'lot')",1
"('lot', 'condensed')",1
"('condensed', 'fancy')",1
"('fancy', 'words')",1
"('words', 'sounds')",1
"('like', 'typical')",1
"('ai', 'summary')",1
"('summary', 'sounds')",1
"('uses', 'sophisticated')",1
"('sophisticated', 'concise')",1
"('concise', 'summative')",1
"('summative', 'language')",1
"('language', 'word')",1
"('delve', 'bit')",1
"('bit', 'ai')",1
"('ai', 'giveaway')",1
"('giveaway', 'essay')",1
"('essay', 'aims')",1
"('aims', 'crops')",1
"('crops', 'ai')",1
"('generated', 'work')",1
"('delve', 'typical')",1
"('word', 'use')",1
"('use', 'common')",1
"('common', 'punctuation')",1
"('punctuation', 'piece')",1
